1,3,5-Trimethylbenzene
1-(2-decyldodecyl)-2,4-dimethylcyclopentane
11-(2,2-dimethylpropyl)henicosane
11-butyldocosane
11-pentylhenicosane
2,2,4-Trimethylpentane
2,2,4-trimethylpentane
2,2-Dimethylbutane
2,2-dimethylbutane
2-Methylpentane
2-methylbut-2-ene
2-methylbutane
2-methylhexane
2-methylpentane
2-methyltricosane
3-ethyltetracosane
3-methylpentane
5,14-dibutyloctadecane
6,11-dipentylhexadecane
9-ethyl-9-heptyloctadecane
Anthracene
Butylbenzene
Cumene
Cyclohexane
Decane
Dodecane
Ethylbenzene
Ethylcyclohexane
Heptane
Hexadecane
Mesitylene
Methylcyclohexane
Naphthalene
Octane
Pentadecane
Tetradecane
Toluene
Tridecane
Undecane
cyclohexane
cyclohexene
cyclooctane
cyclooctatetraene
cyclopentane
cyclopentene
decane
dodecane
ethylcyclohexane
heptadecane
heptane
hexadecane
hexane
icosane
m-Xylene
methylcyclohexane
methylcyclopentane
o-Xylene
octadecane
octane
p-Xylene
pentadecane
pentane
tetracosane
tetradecane
triacontane
tridecane
undecane
